rank,donor_id,sim,y_pred,score
1,37,0.99452186,0.46837023,0.731446
2,11,0.99451786,0.46836895,0.7314434
3,31,0.9945173,0.46836892,0.7314431
4,24,0.9945146,0.46836895,0.73144174
5,35,0.9945133,0.46836853,0.7314409
